Subject ID,Block,No.,Picture,Sound,Result,Time
55555,2,1,Green,sound_S40,correct,1.174
55555,2,2,Green,sound_S200,correct,1.044
55555,2,3,Green,sound_S40,correct,1.076
55555,2,4,Green,sound_S120,correct,0.639
55555,2,5,Red,sound_S80,correct,2.015
55555,2,5,Green,sound_S200,correct,1.074
55555,2,6,Red,S No sound,correct,2.021
55555,2,6,Green,sound_S40,correct,1.004
55555,2,7,Red,sound_S40,correct,2.016
55555,2,7,Green,Sound_SCount,correct,1.144
55555,1,8,Green,Sound_PCount,correct,1.506
55555,1,9,Green,sound_P80,miss,11.003
55555,1,10,Green,sound_P200,miss,11.003
55555,1,11,Red,P No sound,correct,2.004
55555,1,11,Green,sound_P200,correct,0.905
55555,1,12,Green,sound_P120,correct,0.838
55555,1,13,Green,sound_P40,correct,0.939
55555,1,14,Green,P No sound,correct,0.639
count_correct,count_wrong,count_miss,avg_correct
16,0,2,1.252
