Subject ID,Block,No.,Picture,Sound,Result,Time
669,1,1,Green,P No sound,miss,10.020
669,1,2,Green,sound_P80,correct,9.214
669,1,3,Green,P No sound,miss,10.000
669,1,4,Red,sound_P40,wrong,0.936
669,1,4,Red,sound_P80,correct,2.020
669,1,4,Green,sound_P120,correct,1.406
669,1,5,Red,Sound_PCount,correct,2.017
669,1,5,Green,sound_P120,correct,0.842
669,1,6,Green,sound_P80,correct,1.844
669,1,7,Green,sound_P200,correct,1.271
669,2,8,Green,S No sound,correct,1.240
669,2,9,Green,sound_S80,correct,1.439
669,2,10,Red,sound_S40,correct,2.014
669,2,10,Red,S No sound,correct,2.016
669,2,10,Green,sound_S200,correct,1.534
669,2,11,Green,sound_S200,correct,1.203
669,2,12,Green,S No sound,correct,1.442
669,2,13,Red,sound_S160,correct,2.005
669,2,13,Green,sound_S160,correct,2.858
669,2,14,Green,sound_S80,correct,1.107
669,2,15,Red,sound_S80,correct,2.017
count_correct,count_wrong,count_miss,avg_correct
18,1,2,2.083
